url_from,url_to
https://www.data-blogger.com/,https://www.data-blogger.com/
https://www.data-blogger.com/,https://www.data-blogger.com/category/do-it-yourself/
https://www.data-blogger.com/,https://www.data-blogger.com/category/technology/
https://www.data-blogger.com/,https://www.data-blogger.com/category/web-technology/
https://www.data-blogger.com/,https://www.data-blogger.com/category/data-science/
https://www.data-blogger.com/,https://www.data-blogger.com/category/software-science/
https://www.data-blogger.com/,https://www.data-blogger.com/category/mathematics/
https://www.data-blogger.com/,https://www.data-blogger.com/category/cryptocurrencies/
https://www.data-blogger.com/,https://www.data-blogger.com/category/personal-projects/
https://www.data-blogger.com/,https://www.data-blogger.com/category/my-life/
https://www.data-blogger.com/,https://www.data-blogger.com/q/
https://www.data-blogger.com/,https://www.data-blogger.com/wp-login.php?redirect_to=https%3A%2F%2Fwww.data-blogger.com%2Fq%2F
https://www.data-blogger.com/,https://www.data-blogger.com/nl/
https://www.data-blogger.com/,https://www.data-blogger.com/zh/
https://www.data-blogger.com/,https://www.data-blogger.com/2018/02/15/creating-neural-networks-chainer/
https://www.data-blogger.com/,https://www.data-blogger.com/author/admin/
https://www.data-blogger.com/,https://www.data-blogger.com/2017/02/26/artificial-neural-nets-a-gentle-introduction/
https://www.data-blogger.com/,https://www.addtoany.com/add_to/flipboard?linkname=Hands-on%3A+Creating+Neural+Networks+using+Chainer&linkurl=https%3A%2F%2Fwww.data-blogger.com%2F2018%2F02%2F15%2Fcreating-neural-networks-chainer%2F
https://www.data-blogger.com/,https://www.addtoany.com/add_to/google_plus?linkname=Hands-on%3A+Creating+Neural+Networks+using+Chainer&linkurl=https%3A%2F%2Fwww.data-blogger.com%2F2018%2F02%2F15%2Fcreating-neural-networks-chainer%2F
https://www.data-blogger.com/,https://www.addtoany.com/add_to/linkedin?linkname=Hands-on%3A+Creating+Neural+Networks+using+Chainer&linkurl=https%3A%2F%2Fwww.data-blogger.com%2F2018%2F02%2F15%2Fcreating-neural-networks-chainer%2F
https://www.data-blogger.com/,https://www.addtoany.com/add_to/twitter?linkname=Hands-on%3A+Creating+Neural+Networks+using+Chainer&linkurl=https%3A%2F%2Fwww.data-blogger.com%2F2018%2F02%2F15%2Fcreating-neural-networks-chainer%2F
https://www.data-blogger.com/,https://www.addtoany.com/add_to/facebook?linkname=Hands-on%3A+Creating+Neural+Networks+using+Chainer&linkurl=https%3A%2F%2Fwww.data-blogger.com%2F2018%2F02%2F15%2Fcreating-neural-networks-chainer%2F
https://www.data-blogger.com/,https://www.addtoany.com/add_to/copy_link?linkname=Hands-on%3A+Creating+Neural+Networks+using+Chainer&linkurl=https%3A%2F%2Fwww.data-blogger.com%2F2018%2F02%2F15%2Fcreating-neural-networks-chainer%2F
https://www.data-blogger.com/,https://www.data-blogger.com/2018/01/06/lessons-learned-cryptoland/
https://www.data-blogger.com/,https://www.data-blogger.com/crypto-advisor/
https://www.data-blogger.com/,https://www.addtoany.com/add_to/flipboard?linkname=The+Lessons+I+Learned+in+Cryptoland&linkurl=https%3A%2F%2Fwww.data-blogger.com%2F2018%2F01%2F06%2Flessons-learned-cryptoland%2F
https://www.data-blogger.com/,https://www.addtoany.com/add_to/google_plus?linkname=The+Lessons+I+Learned+in+Cryptoland&linkurl=https%3A%2F%2Fwww.data-blogger.com%2F2018%2F01%2F06%2Flessons-learned-cryptoland%2F
https://www.data-blogger.com/,https://www.addtoany.com/add_to/linkedin?linkname=The+Lessons+I+Learned+in+Cryptoland&linkurl=https%3A%2F%2Fwww.data-blogger.com%2F2018%2F01%2F06%2Flessons-learned-cryptoland%2F
https://www.data-blogger.com/,https://www.addtoany.com/add_to/twitter?linkname=The+Lessons+I+Learned+in+Cryptoland&linkurl=https%3A%2F%2Fwww.data-blogger.com%2F2018%2F01%2F06%2Flessons-learned-cryptoland%2F
https://www.data-blogger.com/,https://www.addtoany.com/add_to/facebook?linkname=The+Lessons+I+Learned+in+Cryptoland&linkurl=https%3A%2F%2Fwww.data-blogger.com%2F2018%2F01%2F06%2Flessons-learned-cryptoland%2F
https://www.data-blogger.com/,https://www.addtoany.com/add_to/copy_link?linkname=The+Lessons+I+Learned+in+Cryptoland&linkurl=https%3A%2F%2Fwww.data-blogger.com%2F2018%2F01%2F06%2Flessons-learned-cryptoland%2F
https://www.data-blogger.com/,https://www.data-blogger.com/2017/12/14/create-a-character-based-seq2seq-using-python-and-tensorflow/
https://www.data-blogger.com/,https://www.addtoany.com/add_to/flipboard?linkname=Create+a+Character-based+Seq2Seq+model+using+Python+and+Tensorflow&linkurl=https%3A%2F%2Fwww.data-blogger.com%2F2017%2F12%2F14%2Fcreate-a-character-based-seq2seq-using-python-and-tensorflow%2F
https://www.data-blogger.com/,https://www.addtoany.com/add_to/google_plus?linkname=Create+a+Character-based+Seq2Seq+model+using+Python+and+Tensorflow&linkurl=https%3A%2F%2Fwww.data-blogger.com%2F2017%2F12%2F14%2Fcreate-a-character-based-seq2seq-using-python-and-tensorflow%2F
https://www.data-blogger.com/,https://www.addtoany.com/add_to/linkedin?linkname=Create+a+Character-based+Seq2Seq+model+using+Python+and+Tensorflow&linkurl=https%3A%2F%2Fwww.data-blogger.com%2F2017%2F12%2F14%2Fcreate-a-character-based-seq2seq-using-python-and-tensorflow%2F
https://www.data-blogger.com/,https://www.addtoany.com/add_to/twitter?linkname=Create+a+Character-based+Seq2Seq+model+using+Python+and+Tensorflow&linkurl=https%3A%2F%2Fwww.data-blogger.com%2F2017%2F12%2F14%2Fcreate-a-character-based-seq2seq-using-python-and-tensorflow%2F
https://www.data-blogger.com/,https://www.addtoany.com/add_to/facebook?linkname=Create+a+Character-based+Seq2Seq+model+using+Python+and+Tensorflow&linkurl=https%3A%2F%2Fwww.data-blogger.com%2F2017%2F12%2F14%2Fcreate-a-character-based-seq2seq-using-python-and-tensorflow%2F
https://www.data-blogger.com/,https://www.addtoany.com/add_to/copy_link?linkname=Create+a+Character-based+Seq2Seq+model+using+Python+and+Tensorflow&linkurl=https%3A%2F%2Fwww.data-blogger.com%2F2017%2F12%2F14%2Fcreate-a-character-based-seq2seq-using-python-and-tensorflow%2F
https://www.data-blogger.com/,https://www.data-blogger.com/2017/12/04/used-car-prices-estimation-using-machine-learning/
https://www.data-blogger.com/,https://www.addtoany.com/add_to/flipboard?linkname=Hitchhiker%E2%80%99s+guide+to+Used+Car+Prices+Estimation&linkurl=https%3A%2F%2Fwww.data-blogger.com%2F2017%2F12%2F04%2Fused-car-prices-estimation-using-machine-learning%2F
https://www.data-blogger.com/,https://www.addtoany.com/add_to/google_plus?linkname=Hitchhiker%E2%80%99s+guide+to+Used+Car+Prices+Estimation&linkurl=https%3A%2F%2Fwww.data-blogger.com%2F2017%2F12%2F04%2Fused-car-prices-estimation-using-machine-learning%2F
https://www.data-blogger.com/,https://www.addtoany.com/add_to/linkedin?linkname=Hitchhiker%E2%80%99s+guide+to+Used+Car+Prices+Estimation&linkurl=https%3A%2F%2Fwww.data-blogger.com%2F2017%2F12%2F04%2Fused-car-prices-estimation-using-machine-learning%2F
https://www.data-blogger.com/,https://www.addtoany.com/add_to/twitter?linkname=Hitchhiker%E2%80%99s+guide+to+Used+Car+Prices+Estimation&linkurl=https%3A%2F%2Fwww.data-blogger.com%2F2017%2F12%2F04%2Fused-car-prices-estimation-using-machine-learning%2F
https://www.data-blogger.com/,https://www.addtoany.com/add_to/facebook?linkname=Hitchhiker%E2%80%99s+guide+to+Used+Car+Prices+Estimation&linkurl=https%3A%2F%2Fwww.data-blogger.com%2F2017%2F12%2F04%2Fused-car-prices-estimation-using-machine-learning%2F
https://www.data-blogger.com/,https://www.addtoany.com/add_to/copy_link?linkname=Hitchhiker%E2%80%99s+guide+to+Used+Car+Prices+Estimation&linkurl=https%3A%2F%2Fwww.data-blogger.com%2F2017%2F12%2F04%2Fused-car-prices-estimation-using-machine-learning%2F
https://www.data-blogger.com/,https://www.data-blogger.com/2017/12/02/ask-data-science-question-data-blogger/
https://www.data-blogger.com/,https://www.addtoany.com/add_to/flipboard?linkname=Ask+Your+Data+Science+Question+on+Data+Blogger%21&linkurl=https%3A%2F%2Fwww.data-blogger.com%2F2017%2F12%2F02%2Fask-data-science-question-data-blogger%2F
https://www.data-blogger.com/,https://www.addtoany.com/add_to/google_plus?linkname=Ask+Your+Data+Science+Question+on+Data+Blogger%21&linkurl=https%3A%2F%2Fwww.data-blogger.com%2F2017%2F12%2F02%2Fask-data-science-question-data-blogger%2F
https://www.data-blogger.com/,https://www.addtoany.com/add_to/linkedin?linkname=Ask+Your+Data+Science+Question+on+Data+Blogger%21&linkurl=https%3A%2F%2Fwww.data-blogger.com%2F2017%2F12%2F02%2Fask-data-science-question-data-blogger%2F
https://www.data-blogger.com/,https://www.addtoany.com/add_to/twitter?linkname=Ask+Your+Data+Science+Question+on+Data+Blogger%21&linkurl=https%3A%2F%2Fwww.data-blogger.com%2F2017%2F12%2F02%2Fask-data-science-question-data-blogger%2F
https://www.data-blogger.com/,https://www.addtoany.com/add_to/facebook?linkname=Ask+Your+Data+Science+Question+on+Data+Blogger%21&linkurl=https%3A%2F%2Fwww.data-blogger.com%2F2017%2F12%2F02%2Fask-data-science-question-data-blogger%2F
https://www.data-blogger.com/,https://www.addtoany.com/add_to/copy_link?linkname=Ask+Your+Data+Science+Question+on+Data+Blogger%21&linkurl=https%3A%2F%2Fwww.data-blogger.com%2F2017%2F12%2F02%2Fask-data-science-question-data-blogger%2F
https://www.data-blogger.com/,https://www.data-blogger.com/page/2/
https://www.data-blogger.com/,https://www.data-blogger.com/2016/08/18/scraping-a-website-with-python-scrapy/
https://www.data-blogger.com/,https://www.data-blogger.com/2017/11/15/python-matplotlib-pyplot-a-perfect-combination/
https://www.data-blogger.com/,https://www.data-blogger.com/2016/08/13/apache-flink-the-next-distributed-data-processing-revolution/
https://www.data-blogger.com/,https://www.data-blogger.com/2017/06/15/fraud-detection-a-simple-machine-learning-approach/
https://www.data-blogger.com/,https://www.data-blogger.com/category/services/
https://www.data-blogger.com/,https://www.data-blogger.com/category/book-review/
https://www.data-blogger.com/,https://www.data-blogger.com/category/uncategorized/
